mechanism,n_queries,baseline_mrr,baseline_r10,ablated_mrr,ablated_r10,delta_mrr,delta_r10,wall_seconds
BASELINE,1982,0.782,0.891,0.782,0.891,+0.000,+0.000,3477
CONFLICT_MONITOR,1982,0.782,0.891,0.779,0.887,-0.003,-0.004,3108
VALUE_PRIORITY,1982,0.782,0.891,0.779,0.888,-0.003,-0.003,3614
SLEEP_PHASES,1982,0.782,0.891,0.780,0.889,-0.002,-0.002,3087
ACTIVE_FORGETTING,1982,0.782,0.891,0.780,0.889,-0.002,-0.002,4141
GOAL_MAINTENANCE,1982,0.782,0.891,0.780,0.889,-0.002,-0.002,2986
ATTENTIONAL_CONTROL,1982,0.782,0.891,0.779,0.890,-0.003,-0.001,3663
CONFABULATION_GATE,1982,0.782,0.891,0.781,0.890,-0.001,-0.001,3739
TARGETED_REACTIVATION,1982,0.782,0.891,0.781,0.890,-0.001,-0.001,3053
HABITUATION,1982,0.782,0.891,0.781,0.890,-0.001,-0.001,3897
STRESS_MODULATION,1982,0.782,0.891,0.782,0.890,+0.000,-0.001,3001
DUAL_PROCESS,1982,0.782,0.891,0.780,0.891,-0.002,+0.000,3066
FORWARD_MODEL,1982,0.782,0.891,0.781,0.891,-0.001,+0.000,3225
EXTINCTION,1982,0.782,0.891,0.781,0.891,-0.001,+0.000,2988
